from,number_of_transactions,standard_deviation,period,number_of_blocks,value
0x01CE8F62037b87291E325b8b0aeE01A8BDbF4242,2347,1.9026629165886082,1.978319783197832,369,2.369590737389589e+23
0x01f8292a0359a79112ead28c29e6A6d699FAa021,21,0.9355994123490093,2.5789473684210527,19,9.87783565465e+20
0x0279B063350cb0be8d2439aEd13f0296b5c31c08,25,2.1790511441654803,7.541666666666667,24,2.5e+17
0x0281586993Fd249ab89Ce26019bCA5d415ffbB46,78,0.8249724751621029,1.6029411764705883,68,0
0x033c60610c9b8333e6ad4ED267EceF92143abf75,65,1.0440140793705204,1.7058823529411764,34,0
0x03511A629B2e1565075FE370187B4f776079eB28,98,1.141774223260969,2.135593220338983,59,7.84e+16
0x03B19de480dfFB3f30B63e49923bF615C63A11e2,79,2.718916131653654,2.6923076923076925,39,1.6899096027e+20
0x042926fc5Cd9Ea3B682EC1fA23BAD2864b952316,199,1.0384343429071476,1.9540229885057472,87,1.592e+17
0x04671376c797Dc557dE6C2309aF473f9Ee5eAD56,46,1.7427096823731245,2.3333333333333335,27,1.0099056132e+20
0x0499ee02164DFA600b75652cB7085F720671FA3E,26,2.1747643550509097,7.48,25,2.8590678e+17
0x04DD2F37a6d21A85249EA7F073e10D9e8B737b7E,39,2.4779524524220746,2.4594594594594597,37,3.04e+16
0x06FF8EF25571FC2E6d22649ACa85a4CDd8fB8B99,27,0.4769696007084729,1.65,20,0
0x06fa664d02b2cED492758Fc47aA409a6f432dE7F,46,2.7061506642774673,3.739130434782609,23,5.17374e+18
0x07DC0D54DE6521a22441dD6b2Cf0FE388A1c2928,39,2.759646892181876,2.4473684210526314,38,3.04e+16
0x08Bf27397d8dC4dE1d2fE2A14f472Fe255BC84Fc,20,2.91808763697455,3.8947368421052633,19,4e+17
0x08f07DF6753219F542c29CCF976259547F98c7b8,39,2.7854888506914754,2.5675675675675675,37,3.04e+16
0x098E135A2E8f2a79FA3ec2f4FFe5A353D562ec06,59,1.234776501365095,2.5344827586206895,58,2.065e+18
0x099cad51F3CaEbC59EE53Fd26D95Ed258a1c86C7,60,2.9086469831740107,3.25,44,4.2100000000819e+16
0x09df1f17412124C95589e8749F338116A451c68b,100,0.698212002188447,1.75,20,5.067937399e+19
0x09f518F4A514e9F033224FF5C04C3d4d5220389F,100,1.3090846738846396,3.2323232323232323,99,0
0x0A7Cea1C1956B62c9A226DCcE3cE6632e5270B27,199,1.138059151963561,2.129032258064516,93,1.592e+17
0x0B72Cf2bc7C897697068e2E23Ef2C33E05399a04,292,2.314842655937912,5.665505226480836,287,0
0x0B90c64dC8B82048911E6eA9193d45a7eff1319a,47,0.8439325934114775,1.5666666666666667,30,0
0x0BfE77079EfD2e5C2e7cfea03b5A119a3002D11F,76,2.0925339244208376,2.076923076923077,26,3.964159914e+19
0x0C291a1A773a443f258D399dC41a10F8Ea2bFC34,1000,0.941346943455095,1.5151515151515151,132,0
0x0CD4A68BDF0e4Fdd52541254115D9de23D6c9fA4,88,2.1206818677239196,3.574712643678161,87,1.8246602e+19
0x0D28cCC271eA99C33EE151676021465c591103e8,56,0.8284809440891607,1.6122448979591837,49,0
0x0F6393B01f3ED13623B94E6284bf57A6A5a86F93,199,1.14922317214938,2.0697674418604652,86,1.592e+17
0x0a5D1221e5F57612b3CffCd07ac9206FcC114D07,26,2.9350298124550624,7.84,25,4.86e+17
0x0a6242E4d4672A8B59B5C6F4cFa149d343F4015C,39,2.9746874511616785,2.611111111111111,36,3.04e+16
0x0a989aCB4Bf2fA58DE4e10232C82Ab9b8794D44e,1008,2.4167509749146454,1.7709923664122138,131,2e+18
0x0b20b1c0cD5513Da96BCd65C75737757CAEd6Db5,200,1.979402024076937,5.482412060301508,199,1e+18
0x0bBD3EdaAcb44E75BC015Bf68Eaaaac0fA3c0355,80,0.642618353431185,1.6603773584905661,53,0
0x0c8DD0506e232A40F3a7cEDC64AE49470c686671,78,1.1083331479586385,1.6923076923076923,65,0
0x0dFD1654583A56f2835265B87b9cCAB9894E7e22,30,1.8488597968684521,2.0526315789473686,19,5.0009874e+21
0x0e452Caf936C53dCa0382661CE18A756BdE84B7C,53,2.862983740833505,3.526315789473684,38,4.9450000000966e+16
0x0ffE8d58Ec41342fB09a0aF8087ba872887CbED4,110,1.8826199669243753,2.8351648351648353,91,1.099988219e+22
0x10068183c5a2a3544466dE2DADbC84001BB8Fc99,56,0.9249814944376237,1.6808510638297873,47,0
0x10A4Ef4285aBEd83897a54d86284A67721D3615a,99,2.641437124492012,2.309090909090909,55,7.84e+16
0x10a5fd45172eeA393D22Bf481495FD40483Ff73a,21,0.9930506454796425,2.473684210526316,19,3.000990739e+21
0x11E6bd8Fb61c31e3E4148CB54b732494CddEFF8A,36,1.076289923765897,2.04,25,5.0966736e+19
0x12E6C4D8a3566961592cc2239Bed56e3617828Ed,95,1.2237742271293208,2.6702127659574466,94,2.98680475e+19
0x12E83e61C95622Fe249313edb5686CCaf6eeD0E4,40,2.4310562729143324,3.176470588235294,34,6.8e+17
0x137b52162072beDBB3Df0Fb06342f7F757200B2B,94,0.8944800265843906,1.934782608695652,46,1.316e+17
0x13fcEB86d62e4E13001DfBB73bb0AA97523A2041,104,1.7965814325603873,2.5319148936170213,47,1.00784051951e+20
0x14E1040e17765356aEC8AA988652Ba2D9CF8c2EB,56,0.7969076034240492,1.6222222222222222,45,0
0x14E90C4411FB39eF9b4f26167bc6377C6cCf93aA,39,2.9358866192433006,2.5945945945945947,37,3.04e+16
0x1508c8b08CDd9e49d43a88A58b6F93dC4d237F3b,24,1.3379088160259651,1.9,20,5.0977824e+19
0x150D256A56480Bf4e7E47af4f4aA1F948670614e,56,1.080298065939243,1.6382978723404256,47,0
0x154442384834dF99b9e2e9ED4aa2AB952EB7B978,28,1.830792329571167,2.263157894736842,19,1.4e+18
0x169d1F3c564743263E47e8d3b55bDA0D81d305CE,31,2.5623340054636814,4.966666666666667,30,0
0x16E22e000A129E731B3F8901cD3af41F0Fbf7495,100,1.0712142642814275,1.95,20,1.1149493215e+20
0x1702C46aCF8B81B60e9161eC2e8B86093A3f0C40,261,2.0536554394467275,2.5296442687747036,253,0
0x17289fF88E3Bb02f67959b3FD5A8467D32756AfC,47,2.7903121260634327,3.658536585365854,41,5.5750000001092e+16
0x1737fBaD1C4f28190029A0c112A0f8eC1337e728,31,1.2196427118919713,2.5238095238095237,21,2.99998047e+21
0x17989570F682a54697E8ab2625FF6E3d576c34D4,1000,0.7781187248742958,1.5625,128,0
0x179Eb4C03051075Ed82d3F2EF9b93a7B69a8d9e4,150,0.7626252174051302,1.4583333333333333,24,1.4872529285566986e+23
0x179e5af16Ad680F7f9fB3c74f231D348123178C1,78,0.8816991041536124,1.6470588235294117,51,0
0x17D20BffeDD4b3bA284184547bF6D5F43d7D20E8,33,1.1086139739831253,3.0952380952380953,21,5.000983943818543e+21
0x1845E83104Fa45eFC80Ea842495d93FAf7347de3,94,1.2449899597988732,2,40,1.316e+17
0x1886c26ca59a5568A77771efB5Dae521Aea25142,908,0.5629358564128244,1.205128205128205,39,9.15826122280613e+22
0x189d987700Ad8458168D248a30EEAfcEE3D3351c,39,2.8233757485116913,2.5277777777777777,36,3.04e+16
0x18A60889A40612645C1f8f6fb3384b8365dF0Bf3,78,0.8097205585386296,1.6363636363636365,66,0
0x18BE3D303C65792d21a4F80A1075F590f2E933D9,78,0.9441191380040774,1.5692307692307692,65,0
0x19687A683Cd0f61920b2AAca09FefC8cbe34Bb8C,20,1.8201701542937456,6.052631578947368,19,0
0x1A77102EB0d316f82D14f75EB66B2d0A93360b7c,30,2.270880844730538,2.869565217391304,23,1.1709863244e+20
0x1A90ED0c7c8e26056f0847bC3534fF994D796Ec8,38,0.9702360664762767,1.9444444444444444,36,1.0009800499999999e+21
0x1B1e0AfB3a32DD9FAcc0623027B482a0F70f8C49,200,2.08414046864782,1.9895833333333333,96,1.592e+17
0x1B95F842C00A0334eC5393B29BdE5222989b48D8,114,2.607256016105439,2.210526315789474,19,1.0095211897999999e+20
0x1C1C62c64808c0750f36def00b486F452C28b1eA,74,2.2175708707300545,3.9863013698630136,73,0
0x1Cd6628fe83C0a086cf0144A22F6d0679C99377B,52,2.937627730620532,3.72972972972973,37,5.0500000000987e+16
0x1D4CF0C1CB74C6C27887343E4eccb1CF56a8aD95,20,1.3865199865599465,3.8421052631578947,19,0
0x1E8dC7050518b4b414df32FB4F2c57ebfDDdbCB3,94,0.9345856906796404,2.1136363636363638,44,1.316e+17
0x1EFe75C3a8307d9f58010B26283f19288d74790A,326,1.73229089879097,2.3217391304347825,115,0
0x1F01C977cf73C80C477f2DFDa9Bb2530De281D5B,42,2.5461121304077357,2.8684210526315788,38,6.1000000001197e+16
0x1b24E7484cfF7860307bDD9E50F1f6A8440fF221,38,2.23949540387747,4.891891891891892,37,0
0x1c0cBaC9DFA372AbE9b3c0364300d374BA2CdE63,114,2.377430106868229,3,23,0
0x1d7181813047b013e61f8c6236C23C5394f1eB59,329,0.21794494717703372,1.05,20,1.644755138829484e+23
0x1e28FfC98ae5ccfAdD93d02B957F23792Ce650c0,38,1.5805897281992214,2.4583333333333335,24,9.3920712974e+20
0x1e4f724Ad4182c03538adABD9924efbaE83061dA,56,0.9122243525970208,1.6734693877551021,49,0
0x2015F72c5586F1AaAE5C4e872F813404240fB8E8,39,2.661453237111885,2.5,36,3.04e+16
0x203C68021d547668EB89464cbb660Ed47Cc300Bf,38,2.020710880272296,2.5675675675675675,37,3.8e+16
0x206B4d1217e4E389370229175cfED41307A8Aaf6,68,0.9096702699330126,1.65,40,0
0x20C79F577EdCcb519C33252883080A0462A7E412,39,2.4354548739841797,2.4473684210526314,38,3.04e+16
0x20fAd369CfD7F75F0773dAB27F401312c51bBD92,199,1.0053619687316817,2,93,1.592e+17
0x2137a6DA4cF989b1797198A56Fff6718Fb2BFD70,52,1.3499945211372495,2.1538461538461537,26,1.0098374212e+20
0x217ABEDD5a6392Fb2A821e56558c16e0F1AC47F3,93,0.666308243701691,1.6885245901639345,61,1.3206e+17
0x21804e22d14BD6Aa3bBb9d70590518E82a36e7D2,92,1.4997916521970642,2.275,40,1.288e+17
0x223a7Dade5a2F14B7e44a3AC40B2b2C8200bDDF4,78,0.9988655696858585,1.7142857142857142,63,0
0x227e2E5FD5ABE0FeD97C18B73e21bB2308744713,1000,1.1832778559471988,1.578125,128,0
0x2287A1499aE00139e14f68D0c2cF35D3cac7e658,78,1.1265769056192452,1.6779661016949152,59,0
0x23521A0C90AABe2Ff10D2D335B62e672B3Fbf3D0,2787,2.1661351388842975,1.6488095238095237,168,2.8135902139120778e+23
0x23A4012D75641cbeda24CEe35D7a5C8770481605,27,0.4769696007084728,1.65,20,0
0x24adcCDF75afc7b5fAeeA82D2944358c8c74025a,74,2.6548822949426594,3.54,50,2.7400000000525e+16
0x259f8Ab9709D066264172F24eC2045dcD128DA4c,47,1.1885162550292734,3.0217391304347827,46,9.386874e+18
0x26CF11BA9b6Cf44a77DaA8AC93ecb6549b777083,288,2.603726794101568,2.6634146341463416,205,2.88e+17
0x26D146821069b11381A204Fc3Da942447CDcb8ad,96,1.763711167774739,2.1875,48,5.0911296e+19
0x26Dd1746DdaEf2618C070C0D0D6017c3D69d11EC,86,1.9821424996424668,1.9333333333333333,30,0
0x26a1DBB55a99863365Ea393a245853FB7199b944,21,2.481934729198171,2.8,20,1.57124e+18
0x286f3aC202b596b067e8Dc8C66d156cA86de9145,42,1.9258464861174,2.1739130434782608,23,5.9868648e+20
0x2876aB943e976d80982b1eE55bdab880C6dA2Deb,39,2.8619958784322637,2.5428571428571427,35,3.04e+16
0x2947cc21Cdadb092105A9398331d2322ABd63A40,151,2.6826730501269718,3.342857142857143,35,0
0x295269063389b9A79551629A30dfca462c1Daa6c,78,0.8754692589928784,1.6610169491525424,59,0
0x29D13148EcA7F1D5B3a1e987b6B7B16F56662A65,86,2.2910094914242323,2.0357142857142856,28,0
0x2A6204415F755404A475cfD1e5A28cF571750c31,41,1.9176276798083998,2.4642857142857144,28,3.999954283e+21
0x2C4fF9F7A17f53bA9Ea1cA6bF2aD5AFB85e33a02,39,2.6030027408164713,2.473684210526316,38,3.04e+16
0x2DCBAe1b03eE4764661E3Cb7C4997535bb3a6015,38,2.6502204887618794,3.230769230769231,26,7.55973242e+20
0x2E3BD5961187849029f72fa05404a2aA2AF946c5,100,0.7737179432986628,1.8571428571428572,21,6.726436753e+19
0x2E4d90D4Be7Fc6A8BB5E7f7d5EA3C9EFCB6Ed369,32,2.176814279667254,3.607142857142857,28,4.2379490881999995e+20
0x2FDD3F3D7A2E6C48057AC195481B67C6FE19Be70,56,0.8915929657242286,1.4772727272727273,44,0
0x2Fe28f94BAfE52934588af972564B6596F15e2B1,433,1.5073687885915459,1.868421052631579,38,4.32928643283494e+23
0x2a16e8bA23C56f0bAe8F92C105276e41453bD341,80,1.9331384382535273,2.2941176470588234,34,0
0x2a1a4d0881dE25fdbC4aE3C28f8A076B387bCB62,1000,0.8098690263866763,1.5112781954887218,133,0
0x2b826c55Ab1C68cCC6f76006737fb75637B64971,78,0.8984222472953693,1.6363636363636365,66,0
0x2b98677f9B34A291336F8B703f9B06e61c3a9cAc,93,0.7497105923102743,1.6458333333333333,48,1.3206e+17
0x2c51aCCeeAf44e54DAF266E2Fad94424013403d6,53,2.9440857007883725,3.6216216216216215,37,4.9450000000966e+16
0x2c8Fa18D3C8259E4f82a509dFa71aA76D18F553A,39,2.7405086775331227,2.5526315789473686,38,3.04e+16
0x2d17436710302A7d41f0C59D0A75899c993f3fc8,67,1.3429405943127477,3.787878787878788,66,2.617903742e+19
0x2d6Ce73a7C6c3d478BF96a19de2C25459934F116,100,0.5659300456849738,1.7176470588235293,85,2.6304864108459403e+20
0x2d7f88Ce3CA27e2a266409bC7c005D2fff073496,100,1.5032784453323995,2.3191489361702127,47,1.00792121e+20
0x2e308e6720cF5FA88Bf0Bb7BEC494373e8DF2b82,52,1.3139076684054274,1.9268292682926829,41,0
0x2e337839740bE7D74bed621350F89cE6768007A4,28,0.9798260925274613,2.0384615384615383,26,3.31013e+17
0x2e85618E045002d1b34E9e543ABA396D18b22e5D,199,1.1817572081322671,2.0388349514563107,103,1.592e+17
0x2e8cC3B2FE2b9F7EfbE0Ba79388c1EdB5B6A0998,78,0.9135028925110411,1.8157894736842106,38,0
0x3051FD96515A3BaD43Da39b1e57eB27b6fec6dF9,73,0.9695359714832659,1.6,20,1.0095401e+20
0x310c13Bc392Fc04B0f0f20ed7ad8459562a0D112,1393,0.6014104698305369,1.3018867924528301,53,7.0999385246e+22
0x31798183eDD82dC1A7Bf601192B7eBCc190309b8,33,2.9166104054345086,5.565217391304348,23,7.016714e+19
0x320C51408b8dCd4fD9851dc431f0b419dfa9A005,95,1.6135531116709136,3.0531914893617023,94,1.939603401e+19
0x32FeDF263f5bD6F0e25D1Cf27a60d3B24a6f951d,28,2.7253440149823285,2.65,20,5.0974125756e+19
0x32d2a77Cc19Bd54FdE212b47007156CA4AB67FD2,52,2.715528675871534,3.4358974358974357,39,5.0500000000987e+16
0x33cFF6D8497A59dE86C8867f194BB8e9356397DE,99,2.5922454402648936,3.5670103092783507,97,9.9e+21
0x33e5903C291a5b41Ee20060c3b9Fc7aBaf5188aC,20,1.8064212949190015,5,19,1.5e+18
0x33e68e933ba940eFcB7e39727D9A7c3886552B2f,60,2.228023962732879,5.322033898305085,59,2.8056290266148e+18
0x34be77623B4236D8CE43d209f234C6BB1E857Ab7,41,1.2707259153578123,2.3793103448275863,29,3.999919066e+21
0x353077bcad73B061ceC16e0771957D98Ed35518c,30,0.7999999999999999,1.6,20,2.99998425e+21
0x355c3E3732379EE2A3Cd4fc4a383a190104Aef79,49,1.697317420694431,2.526315789473684,38,1.9997972711000002e+20
0x373A36754276B7073dB0037abc5F17529404E1De,94,1.6963274312067371,2.1379310344827585,58,4e+11
0x3851F7260B8edeF201Cd5d1D1794A75E327b6E02,37,2.46149485396573,2.8095238095238093,21,2.0818e+20
0x38527796B1a6e78b6C7E2836972758fb3520E809,200,1.9475891374404053,2,87,1.592e+17
0x388383dae4F910fAA943Df42ee2a80642916481e,9890,2.6610805102280235,2.672110552763819,2388,3.38e+19
0x389aE60E8949b074dFe17431D2cf224547dC2fd4,48,2.812629349350853,3.3783783783783785,37,5.4700000001071e+16
0x38b01FA3C51cB41A6f0078926086281587f4eDD0,73,0.8645808232895292,1.55,60,0
0x3A2B93F56A29599E346E1b3D10449DC4419A079E,39,2.7765584532676377,2.5135135135135136,37,3.04e+16
0x3A44670cA8bACc4dB3eA62354eAa088A3d139713,73,1.119326834299737,1.7272727272727273,55,0
0x3AF645678121ba33AE3DF821F2933F0902697356,39,2.786275452726459,2.5135135135135136,37,3.04e+16
0x3BDbB47BCc4F7E6d794082F156bA67E53918cEB8,39,2.9953667926019047,2.5,36,3.04e+16
0x3C0a4675C66f240A64f9D459796312F062eE05A2,27,0.44034738238635557,1.736842105263158,19,0
0x3C14B60CD156BeDd5538c7066220B575C8c42cC2,1000,1.0463325254920937,1.5606060606060606,132,0
0x3Cb0083ab00D811eEC4C6b681c64875bE521E62d,56,0.6741120703068099,1.5625,48,0
0x3D4b6c59D7fE2Ced02E28370B1BeCbec4c6EeaBF,390,2.4261047268665887,2.3376623376623376,77,0
0x3F1eb815A9571755052fb04003Af041f9aA3dc5F,50,2.3063414974792624,3.7567567567567566,37,4.5e+16
0x3aB068925857AE7c1130C0737F5663291D9d5361,78,0.8258256078020226,1.5932203389830508,59,0
0x3b761424Ddf8347881cd1cd1BCd328bF07633Cd8,41,1.398455816377518,2.210526315789474,19,8.094971729e+19
0x3b785Cb688ee6B1f60702437af2275e21dDb8a0B,27,2.6446328365647824,6.076923076923077,26,5.4e+16
0x3cA0024c75f1d5754BD0a418F3689D56dd0172F0,78,0.892781876342578,1.6417910447761195,67,0
0x3cD354d42f5AC470C60b1234FE56C6B170184C13,27,0.5668594533825794,1.6842105263157894,19,0
0x3d694793843CF3A745c0344D05Ec124BACD8B930,100,0.616575453011388,1.7272727272727273,22,9.71867641e+19
0x3eF473084AD031CC2113673Aaf78468a76c2c523,27,1.8458127731133591,2.9545454545454546,22,1.975943216e+21
0x3fA8a3CA3a0BabDd86c8DA2E27164376615CDaF7,497,1.6445357883559948,2.5514285714285716,350,2.529916336e+22
0x40482e56F5776FBE6fC9Ae2ae843420019494dD4,78,0.9622504486493763,1.6666666666666667,54,0
0x40c6200652ccf68074Ee540fcA3fEBCB1657e886,28,1.969293361459969,2.263157894736842,19,1.4e+18
0x411336A73b709Bc09681f35047218832c89FEC0C,71,1.7186040847152668,1.92,25,1.0098609690399998e+20
0x419762a37c019236fed4D4A339793AD4Fd5470F4,84,2.901442287369986,2.7142857142857144,28,1.00827401e+20
0x41c11D902deB2dbD52fE065B1a9ae84bFa74135B,200,2.5318929224659823,2.71875,96,1.592e+17
0x420b81A3F632bc439cB306c320d5b12759410951,39,2.7505980211009042,2.5,38,3.04e+16
0x421C77Deb24528aD1EAeDBf4175bB9d077202da6,56,0.7312470322826768,1.5833333333333333,48,0
0x4260D2076203Ecc846fbcDEca8C36FcDF1Ef9373,36,0.9431860898041277,2.48,25,1.3991058979e+20
0x42B3E33E78c04E1626Ead0d390bE2195c547C6EC,51,2.1937410968480306,3.75,32,5.00001432e+21
0x42cBFDfa46375D9402e240E88b72D6524eCfd6c6,86,1.9745604292826513,1.9666666666666666,30,0
0x43F9a83Bb23F3bbF706c668d7a04aFB51d66E40a,22,1.8888798363080381,3.1052631578947367,19,4.999041489e+19
0x441Aa323b5fAcf23D3aBFf429EC1200E55A3c8ED,100,0.920908552657796,1.9047619047619047,21,3.94234844e+19
0x459564CdD234C4B0Ab6009e4fB7248cff98B4cF7,76,2.037373709551862,2.185185185185185,27,0
0x46236bcDF05f8CD4cad29C220d8ff753c0f8f097,45,2.16278538083799,3.3703703703703702,27,4.05e+16
0x4694044eDC2F5337c9Dca55CD1B03f14B1569EDd,95,1.2140522651411392,2.0476190476190474,42,1.33e+17
0x46A6c9015587Fd27D5fAd0Aa160d8B7df7964522,39,2.7959586821911517,2.4864864864864864,37,3.04e+16
0x482102096cD70A6AF493d5bedC767Fe0768a3393,78,1.0672956924511834,1.5862068965517242,58,0
0x489D5380Bf0255a0feDF7E0B24f5b2B8E1bd0E17,94,0.880630571852711,1.7857142857142858,56,1.316e+17
0x48DC003b9F0d6DB2aE0f2599A8F119f6E762f1ab,986,1.5208863959999415,2.282560706401766,453,0
0x49D3d40Bf006058a3524B73f442fEeAf42F05C35,1000,1.0001549882993142,1.5748031496062993,127,0
0x49d889b0cf5D996061A3a1D27fCE3946611dFcD4,78,0.9137619698258403,1.59375,64,0
0x4A3F801375000e961bc0Dc94Fc1D18C37A2ee86c,29,1.1040093138633174,1.7894736842105263,19,9.951503886e+19
0x4C3645c97bBFA6f29296553dE603F8aE042e8e06,199,1.1923450620470366,2,83,1.592e+17
0x4C39321b2878158a670D6623a9Aaf9A85A5470Ec,25,1.3533651474093096,2.5416666666666665,24,0
0x4EE676b4eaebf09ff1a212D5f27d74fCFe9a4C89,45,2.847304489713536,3.5,42,5.7850000001134e+16
0x4c9128FA9CCE312e65dDF39DfDe130A7ca661A06,28,1.700480041962814,3.814814814814815,27,6e+14
0x4d9089eD41675222dB4849763Fe1639633ee099d,27,2.6136229511442393,3.1052631578947367,19,2.727e+19
0x4dC34dAA760433E8977f39ed7fdB6C50E5c80Cc4,83,2.1945464545406694,3.45679012345679,81,4.15e+16
0x4eBe7E61e12E598F03B2f420DCe93128BbBe76d9,28,1.2011279421166312,2.125,24,1.9999706e+21
0x4edAD76435D3081De976Aa5199F836DB2122eeBa,60,1.6486432880881252,2.7555555555555555,45,5.9998992e+21
0x5005B925ddBa9b44D9629d40747e64FAe0692803,264,1.0992646985720746,2.2241379310344827,116,2.6599399084999997e+22
0x50f1bD6f37cD2C27E209f8341d0de6E7792636cc,29,2.5274008589934476,3.4285714285714284,28,1.0009872109999999e+21
0x5118835ca40456099a60e127013FcdD9Fd3AFF34,22,2.543053318632131,4.904761904761905,21,0
0x51A19723e68DF831bBdc08a2497C911E2fA16B1C,29,2.5239592648001214,3,27,1.04968e+20
0x51F906aeCDE460b20F7BF990f74fC2F5f3cdD804,45,1.4316377952748747,2.6363636363636362,22,4.05e+16
0x52b3A2f3B03857B7DB1698bb96fCEa39F01d1c89,200,2.6431047281874145,2.15625,96,1.592e+17
0x530EaAe36836B2FE815B6B10d98f7096451F86Bc,79,1.0960569467184755,1.7794117647058822,68,0
0x5336dF06e7008e8898B2E6d67d4e83b45D9f961f,56,0.8229344882933781,1.5869565217391304,46,0
0x539DF2081A9Ea669DEF4F61053afc396F108A7Be,39,2.7765584532676377,2.5135135135135136,37,3.04e+16
0x53D13a20aCFca7f8E12A74083940fBE15391506A,20,2.7600232846582933,6.473684210526316,19,1.97299118e+21
0x53ce4bAACFA6f6C7d3229A3C36129CC9355C70b2,23,2.0312639065003935,3.6818181818181817,22,1e+18
0x540BF7388A1740E7929067dE5f709122e05C168C,78,0.9151007040624828,1.6885245901639345,61,0
0x543e074ba035A741Be8d81f744d3b42A3F8501d5,54,0.8916413726828284,1.744186046511628,43,0
0x54cbBBa18d9CbE0f91Fe0EB47C32e711ba82aB28,1000,1.1184381635208245,1.6022727272727273,176,0
0x56c00AF435384c874EC31D7Fb466E1ab1bA69C93,86,1.6679511301405576,2.5873015873015874,63,1.204e+17
0x570F4894e2DB1c74EB2D00Ce1627f0d7b0751A1f,956,2.051182286211184,3.2065217391304346,184,0
0x57553aaa83A4f78978374A8E55c5Bd94f07C0513,56,1.1080411102665897,1.8285714285714285,35,0
0x5779ABF00727506a9dF0952c47D71769808d5CCb,200,1.488455892923799,1.9565217391304348,92,1.592e+17
0x57c5C7218A6D347cd30d2f10C49d7Dc8dE48b581,37,1.7939097649820515,2.8214285714285716,28,3.6389752914e+21
0x59C9C09e4B11f0343C5A5f4446f16BaB349F5d85,200,1.9797081848906475,2.3048780487804876,82,1.592e+17
0x5B4256275B670Ef8244f9513822F3Ef8eb2e7514,56,0.983410922706674,1.6326530612244898,49,0
0x5E3c5cfa240551b4a0f0Ed5c8aCda6e553e0372E,26,2.9499964981069002,5.454545454545454,22,1.933021377e+19
0x5ED1Ea92aB5118230373368cb1d9a150859920F4,56,0.7960797140695893,1.5869565217391304,46,0
0x5F1adAEFFe247917ec783c87E6199734c02A67a2,30,1.3741281962187089,3.206896551724138,29,2.01e+16
0x5F8654022652DB749FC41782660B425eb14c6091,50,2.3151673805580453,2.6,25,1.4838226643e+20
0x5FD04B602c56EFeAAB52EbED2c96bd017E38b4Eb,1000,1.0669217382099083,1.8095238095238095,126,0
0x5a585df1275A22fEE7e606C77C6630153eF767d6,50,1.4427741410983985,2.7083333333333335,48,4.5e+16
0x5c3309eF4102b502aB50cb7B4F3CB213B0108E1e,74,2.7128338422434393,3.423076923076923,52,2.7400000000525e+16
0x5c8e5A8D1BBeA49bFa379fE11aa15eA153Da4fca,80,1.7573088603677565,2.7962962962962963,54,7.99982024e+21
0x5d1D2043B67307f3bDbCde80d05bEBA419864405,44,2.224268064117415,3,19,1.0099355178e+20
0x5df59381fb3c939012954a53bb7bd4958643e2Fb,40,2.6576343266203715,3.6206896551724137,29,6.3100000001239e+16
0x5f119bF0eBC1e1F8d74e208967CfB6aDEb4E580b,279,2.918473888211295,5.681318681318682,273,0
0x5f1D3B17d8c73a8b9D287534C5B66269d754Bc42,200,2.3294849497294052,2.532710280373832,107,1.592e+17
0x6055Deb742eB29d2513fbc8fF419Ed8Ffd411fa7,39,2.6264931055689393,2.4864864864864864,37,3.04e+16
0x6133A5Ba08D52DadB63354c89E1844b791eC48bc,96,0.6941425718356439,1.5588235294117647,34,9.6e+17
0x6174838A18cd39731fA68490137B12685485F0a7,39,2.8619958784322637,2.5428571428571427,35,3.04e+16
0x61BAE65C6fC1D18E34Af9d1C8F3Dd3a4b72b9471,200,2.62303576703801,2.010869565217391,92,1.592e+17
0x61e57A6d148fC63E6DA528d090d6F5B42E3f59Bc,99,1.6414063713879807,1.8181818181818181,22,7.589812400200001e+19
0x62d9e1770a98A6F34b1c8f8f2908a34eDCF030A9,1000,0.9949021673680783,1.5602094240837696,191,0
0x633388b918Ca75fC80248832D8209b8410A72d85,81,1.2939764294607534,3.025,80,1.3800448e+18
0x6394cB42640c787B9986C7225F7e4f972B8ffe49,39,2.7505980211009042,2.5,38,3.04e+16
0x63cbD35C657FfEab268104c7eee5617A3079525F,86,1.627896239952568,2.736842105263158,57,1.204e+17
0x6434F8B3374CCA1e6a23736225Ee96e02c5EC07f,71,1.9643600898038693,2.740740740740741,54,2.9986480131e+20
0x6465eA474AAAD1DFDadE67308df09FFc581F7B18,200,2.2462089273828796,2,88,1.592e+17
0x64aA7b94b273ce9d8A0aAFDC1ee22b55CE87339d,67,0.9996874511566102,1.725,40,0
0x6568f51470F4B602f820E28d4FFC805e3a2903d7,22,2.4987531516777306,3.5789473684210527,19,3.935648135e+18
0x65F36fdAD15ba5d5B65b2aa2E86D74810c442Bb5,33,0.6776309271789385,1.4285714285714286,28,0
0x65FA8CAFD9ED86874410d58750E7b0fF6db01Ec8,22,0.9712418121129114,2.238095238095238,21,5.0097713099999995e+20
0x65c762BdFF2CfbD118155AEC525E2E1425C49f1b,39,2.833197164483882,2.4722222222222223,36,3.04e+16
0x666D732013b925dfC406890F9C91D21cfF0e316D,44,2.7695548857746553,3.292682926829268,41,5.8900000001155e+16
0x669bFD3EE241aDDDd5D770Eb254eb53e97A987d3,199,1.065189226501434,2.057471264367816,87,1.592e+17
0x66CbEb17e11F49bFC44eBBde74040559a11D7B1A,149,1.5677868335827916,1.5733333333333333,75,1.639e+20
0x6779496cd7a8794d7771B74f0c9a01cD405e4744,76,2.2566816041797035,2.064516129032258,31,0
0x67A8E6c4A6D552A1bbBbACD0e132A7D5D6Dcb6Cb,45,2.3578712404844335,5.578947368421052,38,1.431111e+20
0x67f2c9C628e8DacD0768bd35FF81eEed73cAAAF8,25,2.985983886969692,3.8095238095238093,21,1.009895e+20
0x692a949a90dB298fb28B72220AaA385d225d2324,1000,1.0524705294631442,1.795275590551181,127,0
0x69977167eA3ad45806Ea3Af843991AEcea0F5Dd4,23,2.438076060346161,6.318181818181818,22,4.6e+16
0x6D9Ed4EfEd4eC4f2D7fe757b234e5cB6472D19ca,45,2.006605349428578,2.869565217391304,23,4.05e+16
0x6E5f30dE55A5876c44d2fEf47f80360Be573e6B7,199,1.1907047399661168,2.066666666666667,90,1.592e+17
0x6a05D20746B8a32f5568Ec6c386ff8F30a157b6d,51,2.8877134360751393,3.1666666666666665,30,1.00893965951e+20
0x6aAce8FfC4370ED16ED3Ea8999142dA38F102232,199,0.9990864723914781,1.892156862745098,102,1.592e+17
0x6c7012db4366851dB9Cfc03F9E8E514363c18c7C,28,1.9166443011756462,3.740740740740741,27,4e+14
0x6cc89CF0E3CE2A97D9C0E988E80CF561d9a6a8d8,73,2.7614072177940736,3.4038461538461537,52,2.8450000000546e+16
0x6d89e708B1eD76fE6C19Ff13725ed9d5160Fbc4b,39,2.7601487374110074,2.5,38,3.04e+16
0x6e6884D514D50B0559d8869Bb3c48542f081921e,25,1.4379528272281166,3.375,24,1.62e+20
0x707cA96712e57a36E660e37F7D186ac76623632C,31,2.0773915267843845,5.133333333333334,30,7.574453e+15
0x70E0430f914464D6DE07a24145860B08d2dBD7Cf,44,2.817890768448927,5.674418604651163,43,2.0948152e+20
0x70c77E3999f672a61B5bFBf645450cfb62cd536d,78,1.0396462547622687,1.6865671641791045,67,0
0x71e89Bd3DA74aA59e6e5C9A93219963cCd43F919,22,1.4333254231707058,3.4285714285714284,21,2.5001e+15
0x73E388B6F3b098AC19440129FfaB48bDA22f3935,35,1.400021132553946,2.9615384615384617,26,1.00962515e+20
0x740Bd8f39f42331C97C8b6295369d13Fd3302808,73,0.9243117426736257,1.576271186440678,59,0
0x744F7903f2386f50F45C34c70Ee7d8fA7aF13119,43,2.470883072485369,2,19,1.0098194e+20
0x749D66f0EBd61cE096e6949cd94c6Cd3EE20f1ab,99,1.0827805840074194,2,58,7.84e+16
0x755F56015Bc71e32420E155D6d62aC50Eb05fbD1,59,1.1068905147169021,1.9545454545454546,22,0
0x760744cd18b974aB03354327B4Cd8f56Eb8eCED6,78,1.0387979889885939,1.719298245614035,57,0
0x764A3ed630b65dFa64de09C8E15A140eCc062C84,39,2.8135200482186713,2.5277777777777777,36,3.04e+16
0x766ece16d42b665Ac1847e336Df514c1D4F594be,60,2.600873494864387,2.8421052631578947,38,1.7778549919000003e+20
0x76e2059c6A3046A10580c8C9c360573774A40B70,26,2.378570999570961,5.68,25,5.887977635e+19
0x77A72d73F1425527C71De0814c74ce7136A00cE9,29,2.3888485138706934,4.041666666666667,24,6.199142552e+19
0x786C90aC681B8bD55E4E2906f5044024322ccd28,21,2.785677655436824,4.8,20,2.8299094370889925e+20
0x789989D1d64909D21277AbE20e438165f4e12a8e,64,0.8085416576703798,1.631578947368421,19,0
0x78C5EDF6D8301CbBBeaC406e213d3629eabfe903,94,1.0109454524908636,1.951219512195122,41,1.316e+17
0x78C6282F3B94fd7e7917370DE8B8ab96D17AEA73,78,0.8556998435328957,1.6333333333333333,60,0
0x78eF0F44BB8a833AA9eCc1A444D1e458289983c8,303,2.7908643341114394,4.950331125827814,302,0
0x79C7bec5796f3FdD839dc896107eD45f5A5b824b,56,1.1859630114227044,1.8409090909090908,44,0
0x79EDAa71a7E57460Ff44704F83bD74B4D74b3304,26,2.196724834839357,3.88,25,3.91466781e+18
0x7A099b3B0a3B61b3524c48265a7ff3cac6013A68,39,2.7854888506914754,2.5675675675675675,37,3.04e+16
0x7A183006cf42450B47C14E6Af20FC4c6C4f8E3b0,53,1.5790292376436015,2.2,30,5.19993322e+21
0x7B83a76A2DD418553251b1cA62f25f7e33867E47,93,1.1623730516108464,1.9333333333333333,45,1.3206e+17
0x7BDe5Ae1448e3F84dEB889356e21f4B0B410579C,56,0.8360375618888723,1.6382978723404256,47,0
0x7BeeD99539c81600962907f452dAbf507bdee47A,51,2.285362046682789,3.4615384615384617,39,5.1550000001008e+16
0x7C76B749F58d8887Bb5ffDD04bFC5c7f4437DFf8,43,1.9916579407010493,3.032258064516129,31,2.3559031136999997e+20
0x7CEE66C4067D665518433dBFea40201A2B366346,32,1.933683126777138,3,23,3.199922048e+21
0x7E1d50C2CE85bC2eE8E1aa0899e48D0bc5698D3F,56,1.086246194859964,1.7647058823529411,34,0
0x7a87A733D133e8aC0E9fB5BdF983e09e893beA21,52,2.5671238625433523,3.4634146341463414,41,5.0500000000987e+16
0x7c1bD7A5DF5701C6c189a9Eddea2205067b5bC23,78,1.1340242856008023,1.763157894736842,38,0
0x7cDd5865f632f340066576E91b3f54BA7c2921B3,65,0.8958064164776167,1.5555555555555556,36,0
0x7d1de7F4446FEeb9560914AFbbCeB1Bd7E96b347,23,2.696799449852968,7,22,4.6e+16
0x7df246CA898EcBbd5bcB40d4859eCe5836f1C5e0,76,2.4827586206896552,2.206896551724138,29,0
0x7e06e92621f65995618664c52d0B3A6d8ECe1ECd,56,2.9860788111948193,3.5,42,4.6300000000903e+16
0x7e27355E50F96ae6749977f1c837acF4999b96C0,199,1.0185015256958811,1.924731182795699,93,1.592e+17
0x7ed5BB773105aE7b5eB927e37De428878Aa14772,44,1.7242365527243333,3.026315789473684,38,1.0095555553531999e+20
0x800f931d6d5F152c801266AF9DD4525b39b3b8A9,78,0.8732039491103862,1.5689655172413792,58,0
0x80311449444fc67bA143453E048C94f9a95066d4,78,0.9289979060121718,1.609375,64,0
0x80687dD65a629Bd817c0c5eCe0DF926898541bd2,29,2.380833330356994,4.785714285714286,28,0
0x80975AF2fc7EDd15643a9A8186632C946977654E,78,0.9216297446715737,1.6956521739130435,69,0
0x815F04AfdAf2118c031E47AfE6Ac71212732cFf3,100,0.6899235559332282,1.9259259259259258,54,1.1e+17
0x81b72c48727EEDA8746fC71da1fa8C6d35948311,52,2.380283258988543,2.9696969696969697,33,3.5828605583e+20
0x81e7a0c823e797D69a053716fBAbbEd0383b8E0C,22,1.6209565077447328,3.15,20,9.999138329e+19
0x8357401e94aF734566e36CDdF67A0e7223d60c64,304,2.582368536589129,4.910891089108911,303,0
0x838Dce58eEE1599F5846f97D6c34B7237D42798D,56,0.9273618495495703,1.7,40,0
0x83eE9A27349D6939D2EC928B4dcfb9B969F9b3a6,22,2.985983886969692,6.523809523809524,21,6.4846626e+16
0x8424A584444Db94EAf9D9f9974a3F62437FEc571,126,1.8137794569261576,1.7142857142857142,35,0
0x843e53ED7772B25CFC4cf733bA5b41677B28A531,505,1.1774738675147498,1.6896551724137931,29,2.5255673435e+23
0x84bA681CA70555AdA6a9393330287079223Cdc7e,27,1.3082577962842268,2.5,26,1.97561008e+17
0x8551e9AAC6dC89D205cbecf1bd9248cdF718A0FE,78,0.9804418081195359,1.653061224489796,49,0
0x8573A59222bf3e259458eA6aDF9e167a9Fd548DC,31,0.9086253353280438,1.88,25,4.5521764e+20
0x8616752C4C5208bD3EA66Bd646aca5137D468c07,23,2.609977676355562,6.2272727272727275,22,4.6e+16
0x864F817c80eBC2795B1938056b0AB197870fD72b,26,1.4142135623730951,2,19,9.999061241e+19
0x87952b20e7596344D2C6e5186f0E0709590c24E7,992,1.2108839343446152,2.123456790123457,81,5.054958294e+22
0x89C8585FDBb34b67b6B254c47F5F395bc035d5FE,35,1.2744185580803893,2.074074074074074,27,5.139554e+20
0x89EbE8c95Fe291f8fE639Cf8657D0BEc96D821E9,39,2.7956974142671895,2.4594594594594597,37,3.04e+16
0x8A28B45EC03C2093A1042543BCEE34d9F1634dEB,1000,0.800648809446472,1.516304347826087,184,0
0x8A719F252E560BC57be49C6e9cBF04D14d0A6c1f,95,2.836631693007735,4.67741935483871,93,0
0x8B09373Df330d550F9B208fCA8f37d46cAC880eD,86,1.6885486875228906,2.7096774193548385,62,1.204e+17
0x8DCbF4A7F609607e63Fa780D47b042F6CE691e79,54,1.7497795275581804,2.111111111111111,27,4.999887734e+21
0x8DF3bfa67Eddd3179d12f785a661302c72B6b06f,48,2.8224990131159107,8.23404255319149,47,4.8e+19
0x8DaDBb815b208d1EA8B5cAE210FE8C4F3E7Eea8D,94,0.7694953753202181,1.702127659574468,47,1.316e+17
0x8DeE6c732f0E420f0a14B3e481761E9603040616,43,0.4714045207910317,1.3333333333333333,24,4.2998194e+20
0x8aB4AbA52670cf42f1Ba15ef6dAAd1cC7fd51eF7,22,2.118962010041709,3.1,20,1.000990298e+21
0x8bafB5BA55D71Da9aB127c25210437BD5Cd515B2,79,1.1196705360841643,1.890625,64,0
0x8dF7C9bb59C78fF4D4a0f7653e95a0ed11f0CA74,75,0.8699925587851873,1.5909090909090908,66,0
0x907D6938408DAe2F23ecCF793070aC76ba7a2fb3,39,2.7951748051563023,2.4324324324324325,37,3.04e+16
0x907eD4f819Ad288709eA430BbAA166078F3b8bD1,26,1.581897594662815,3.76,25,0
0x909ed460F1c37Ca8f0eB75215a8Dc0f67a28d414,52,2.244734108700185,4.313725490196078,51,1.9041236e+16
0x90e6332329a55DD28D7f5A26504131f93073964f,94,2.133155559710525,3.860215053763441,93,2.862904883e+19
0x9137AA57a6f0604b36a7c4AaA379768c6025d3ed,44,1.6460179221381521,2.875,40,1.32e+16
0x91C7d57e2484FA27bb0f3b70a73026fE1A0a6640,78,0.8499332063485718,1.639344262295082,61,0
0x9251E9168A74acC6e7AAbBA6e9F72F337E4Fc1DE,78,1.0307663842224266,1.6545454545454545,55,0
0x92e7466142E0AD0241aD5C7C669352Af580Fd894,38,2.7585263195447856,2.923076923076923,26,1.0099319848e+20
0x932e8476180022977c1fE1c36A8732004B0cDa2F,27,2.134875244058141,4.5,26,3.1e+18
0x937c16aaCD232126A88C4eFf204eEf5f4318fcfF,39,2.7405086775331227,2.5526315789473686,38,3.04e+16
0x938f0647e53BC37a80842829625858A584C55870,78,0.8806305718527109,1.619047619047619,63,0
0x93F65545aF06669C4085b8637C2161b2832377fD,78,1.0306416555826872,1.7333333333333334,30,0
0x949061A880802f27173C3cB064fE3A873a5930E6,29,1.2956229935435943,1.8695652173913044,23,1.45e+18
0x94A49325396C8c4bDB5B709C856fc44C55E57dc7,51,1.2016263217716707,1.763157894736842,38,0
0x94c28339DDA4D83Bea86d49F6b5F8A6CE25A5b97,78,0.923976535897362,1.6458333333333333,48,0
0x9532a27c239320a1c2DdAB11fB9A065981156DFD,33,2.9297326385411577,4,24,6.989755973440112e+19
0x956bEe483E5a50771aAB8Bb0B048aF640AC8b87a,198,1.9311045544926393,2.251366120218579,183,1.98e+15
0x962357bB763137F0aF0C5926498b9256cF4a0246,86,1.1926286346588524,2.3617021276595747,47,1.204e+17
0x963CE54D243FA83911D2075564689dFD5830bA59,41,1.7383475593945135,2.4516129032258065,31,2.9999225100000003e+21
0x964903d49e57098cD1FA7AB953f4C978C3BEf0cE,78,1.0897247358851685,2,32,0
0x96bb9A983e8a2De4Ec24236C59dC0Ab2bd35610f,78,1.0528050329951886,1.78125,64,0
0x973b05FDC47CEb282eAF7d20BA679f4fd8eD2620,56,1.135135135135135,1.8108108108108107,37,0
0x9750A1fC1d5C1791e799bC74ccc260d4dd023FbB,58,2.662698893589712,2.7058823529411766,34,1.2e+18
0x979475DcEde93d2679dcF48FA851BC93e23A89e6,36,2.6511406437235214,3.9705882352941178,34,8.9996e+20
0x97aA7Ae1B2aEff3B2672eD503f3191bfD4A64E04,39,2.7757690976146523,2.5675675675675675,37,3.04e+16
0x97cf350121Eee64808856103064Ee4952a861714,66,2.803885723050958,5.123076923076923,65,9.24e+16
0x982dFD193D16f391b4fB65299F616Ba56870e0b6,76,2.5315783394730036,6.066666666666666,75,0
0x98422dCc8DEac07a10698d0d5F6e8f7CadF80399,56,1.2678151786454894,1.7906976744186047,43,0
0x9885379f7C876f34658ac6F6d9fCbc79A28bC70a,86,1.7334232727664558,2.8275862068965516,58,1.204e+17
0x997447464DA0bdD7E5a14dC818eA809f1B69d887,39,2.7956974142671895,2.4594594594594597,37,3.04e+16
0x9997ccf6F08074672853b8741E01Ef51d0790687,39,2.741014026731137,2.5,38,3.04e+16
0x99A153D2957f05739a55b0B6BDdC1962E2b23B07,78,0.9817533189270075,1.8974358974358974,39,0
0x99C3f08A5d4C669df11745d7b68Af19c0b76E27C,52,2.968150494057183,3.909090909090909,33,5.0500000000987e+16
0x9B3c5043C748AC69b16306a95C52e55ecB74674E,78,0.9986216395929746,1.8181818181818181,66,0
0x9B4FaF4b309dD44f6044abdD10763Ba1098A892D,55,2.384523099746182,3.3636363636363638,44,4.7350000000924e+16
0x9B77faE119c15CB033C269885D46C4B1Bd866740,76,2.4252743258352347,2.2266666666666666,75,1.0200751356e+20
0x9E4F71e69953E6B3551137D6418ce044aee13348,45,2.704831917602153,3.9545454545454546,22,4.05e+16
0x9FC00C2b261D6c970525eA393E15DA7E52912C73,39,2.85056385399701,2.6,35,3.04e+16
0x9b92235288E0e9FfBe3f2Ac66e1C8a01DE6AfeFC,1000,0.9436720132080375,1.5808823529411764,136,0
0x9bB57D7E216A944E4a59b15650edF954915a9671,46,0.8975274678557507,2.1666666666666665,24,1.0098068e+20
0x9c6885be46B04B7De062eB3E9eE27B6c75b25155,21,2.7472713735632306,5.45,20,1.9299105308828775e+20
0x9d40F55d6B8d192e54f2284077CBF9aafC398eAa,39,2.7505980211009042,2.5,38,3.04e+16
0x9d84F0eD963C432B4578F6FB279De0caF009Adc0,60,2.569911368986184,3.466666666666667,45,4.2100000000819e+16
0x9eAaf2B5BfBcEcd7341b77266bd211539eCA767B,78,1.0528940395813144,1.8333333333333333,66,0
0x9eb8fcc1F8A06841536223bCA5b605932B00293C,57,2.187335999683223,4.964285714285714,56,1.44681752e+17
0x9f8BF41FB6508F403314f7750E315399cAEe0BE6,31,2.2403639814170306,3.5,26,1.5486250865e+20
0xA110b5629A4267815820C8377da9De35866D5276,99,2.525898907172692,2.272727272727273,55,7.84e+16
0xA1197AB9d8D04BF9ef486aBa01606646b4a9Ea23,42,1.984772488786237,4.634146341463414,41,1.7760788e+16
0xA1A24162Fa10cE5c6143008f8E2CA3044B0B19C4,52,2.048620844958271,4.862745098039215,51,4.3572811942800006e+20
0xA3d2E5Fba2466016229470c21dF8F5B47f3a7946,78,0.7214846323319581,1.5254237288135593,59,0
0xA4D33E5E230281BeEB7453d626D9AfF402C8CEc3,93,0.5811865258054232,1.8,45,1.3206e+17
0xA5139C2686f9f04eeC9a446C8aC9799b55678aa7,56,0.7898174975859823,1.5957446808510638,47,0
0xA56eAc8b6Ece9f837c05D40F31C20f19eEF71BA8,200,2.4175193506907204,2.119565217391304,92,1.592e+17
0xA5817AA1D1875C1Be4e5d0f3Aa594A2378bf34f6,21,2.7654113618049667,6.55,20,6.9970453e+19
0xA5C6a85fE965BE13dC121F5493f8Dd416F7550E9,867,0.5,1.25,32,4.334636710326004e+23
0xA63b52c4256f126389d0968A895157EA3bC985f2,98,0.9754233606737734,2.2203389830508473,59,7.84e+16
0xA747d7e75f5198643ed29AcB7Bb07f71C0697D9d,23,2.1931523785117855,6.909090909090909,22,4.6e+16
0xA91da9EA2973f9F14613fd8EA055F8Ff8Bb9A6b8,101,1.6128377707446229,2.458823529411765,85,1.000089395e+22
0xAA2E37aC5Da93ca57C67eEF254C0A23Cb19c87b1,39,2.8966500854351604,2.6315789473684212,38,3.04e+16
0xAAfeE46078cC64caC3a34fC72489E5309aDbA6a9,98,0.8681068295179006,1.9846153846153847,65,7.84e+16
0xAB67638C285Ac5A1b2AA5d57AEe8AE37c2f2fC12,24,1.8458127731133591,2.9545454545454546,22,0
0xABF5297A87714AC1EBbBF430Fc000b6cA1f5f61a,45,1.8385225832869712,2.727272727272727,22,4.05e+16
0xACF423681D67ED97d7af225BA6Fb6DFd34C49fa7,37,1.7697300484662752,6.083333333333333,36,3.7e+17
0xAE64BddEAc1336ab1442c604d62Fe21287D8A463,29,1.6950704672339996,2.2916666666666665,24,1.66652335127e+19
0xAc2BC81Da85ED8F0DF85A4bC3a6f395643Ff2f3e,23,2.9137037291886085,6.681818181818182,22,4.6e+16
0xAdBB5DDf76e75Ad9feFF45749A6756B91f9afBBd,20,2.0787808061191053,3.6842105263157894,19,5.590719416000001e+19
0xAdf2e1B4593ec85170B50581E0f6A8EdD7b4D728,78,0.9491198040115189,1.6615384615384616,65,0
0xB0443bfC5Ae531b80B078da952e40665Ee582C9b,78,1.1655035124357198,1.71875,64,0
0xB077F63d01b92583C2fbD4fd9cD452C5Ced62304,39,2.9177316351468727,2.5,38,3.04e+16
0xB291CF5a0a14bdA5809865Dc2e2ddeA81D526BBD,39,2.7505980211009042,2.5,38,3.04e+16
0xB36abB083007129568831474Fe60eC8fE8Eb56a1,56,0.8229344882933781,1.5869565217391304,46,0
0xB3BB2e9Be44c0c465cc4406b05E7A98A2CECea4A,44,2.2344245481162455,2.914285714285714,35,1.4690621645e+20
0xB5830A1776Dc0044cfae67300A815362DEe6FB9F,74,2.9611484258645326,3.54,50,2.7400000000525e+16
0xB782F520298cd3Fc05b399C023A929db90A25794,300,1.8573847087776336,2.3944954128440368,109,0
0xBACea0Cdd5f949b876Ab3de752637d43Efc1d4E5,20,1.183918092547578,3.4210526315789473,19,0
0xBBB91aBb2A4e1B7e9948129ce79fE8Ac9bA10F47,56,1.155927247041748,1.7380952380952381,42,0
0xBBbC6783678af8a731d872c4ff80ab1FBFc36685,200,2.5598583763567726,2.0618556701030926,97,1.592e+17
0xBcFe8191cbe31567100826Ee2BAD59af14524868,78,1.0155836320121792,1.6567164179104477,67,0
0xBd65538729D8F3Df7e8B843F5dBA53Ab3F3ff12C,94,0.8714212528966688,1.875,40,1.316e+17
0xBf1B716D1ff2Dc8e3E8982babf728d6Da0851A4F,50,1.8413398774747425,2.6153846153846154,26,4.5e+16
0xBf661E5c9E7967d55922AaFef2E278Ca68bf4EBd,56,1.1331154474650633,1.7777777777777777,45,0
0xC20953Fc42ad0D5EeFA3cC36D04c5f343F32F908,58,2.352955588191158,3.06,50,1.3449e+20
0xC26860D05A33C1f130D4D814c71BCF8Ac89866Ee,39,2.5828380962768356,2.5,38,3.04e+16
0xC280094af70d2D8BDDFfE3D38B0A6959A6e3942f,21,1.9045996954740907,3.15,20,2.3931687904e+18
0xC43fD2Dc332E2b46ddb9B24668F1f9b49C95D153,421,2.626407776978635,3.983050847457627,177,1.139818139e+20
0xC4C107B9466E60b2888Fd4f161c2F990387DE5a5,114,1.0888505718724844,1.8421052631578947,38,1.860087977e+20
0xC4E9e4f844c40aB5618288Ad00fBF09A52893596,2201,0.5587684871413403,1.2333333333333334,90,2.2219907616e+23
0xC56070087755373b8f9A1f1c8015092Ed606B0b6,40,2.7294688127912363,3.5,30,6.3100000001239e+16
0xC6c6E50F2efA0E0Ea532C0f55a612EBD6F15b48a,95,1.3194920624437152,2.297872340425532,47,1.33e+17
0xC6cEc2e43AFaDDA0E0b28E45Cf8D02dAA0A60D42,27,2.5711761405166564,4.346153846153846,26,0
0xC6d102D98dE065b58AC046989Df86CBf3b688798,56,0.9158696192782398,1.653061224489796,49,0
0xC89170a368eE3A34f0793f3dA36dD79DBCe17699,45,2.8654015976455156,3,19,1.0097559801e+20
0xCA2FA046846A652D6EC08472dEa25A388f752e1c,1000,1.0863781731072777,1.503875968992248,129,0
0xCc866Ca8c8B9cBeaB13D788dFD1f741C12A61128,21,1.4585952145814822,2.15,20,3.0354324e+20
0xCcFBF8C34eE904D1d45261025D8603a48D66F045,366,0.5677270907634907,1.3636363636363635,22,1.83174622357e+23
0xCf0E3CA8FFFDf142CD5986Ce6d580428d1d2e7A8,423,1.0517241379310345,1.8793103448275863,58,0
0xCf1290990930Cbb6190D2fBE43F1aBAe8FcE495C,31,1.6578848665163146,3.347826086956522,23,2.999920389e+21
0xCf313A13CB683C12FBcf452540394697ba2fed01,1000,1.132337845764974,1.6265060240963856,166,0
0xCfE54f586e9036ba0E856dff6cbae2D3a5D70fa0,25,2.653938286726364,3.0454545454545454,22,1.74795065e+21
0xD02e9EFca6b4AF53C68c08bFa6565Db4F67c3255,31,2.7760883751542687,7.4,30,2.93e+18
0xD0590995602255Ece5AE0997Cdb2946e891eD99A,78,0.9634312595527792,1.6774193548387097,62,0
0xD089a5d4D13c20781dD7831AC280F5665C48162A,114,1.9868316486305528,1.95,20,1.0095174976e+20
0xD0e2B0dC06942E13d13603B232297Fd9e74D8A07,24,1.2034729358976115,2.772727272727273,22,0
0xD16EEF4fB265c21695439D59Fff4CA2336Db15DF,27,1.9806758753205742,5,26,0
0xD1748eB02c40e1B1A6d2F7286bc174F0eb1599e6,20,1.8726786183849682,7.578947368421052,19,2.3e+16
0xD1Ea186b82fCa01EDbE4Ae597188A006331BD727,27,0.49372797471825575,1.5789473684210527,19,0
0xD1dc01Cf91eAfaAFEDE65E91a58b85E02AE9836D,27,1.8638462657886596,3.0476190476190474,21,1.975943216e+21
0xD39D94d2C641e8aF62Ea08f3BACBDF9910C46968,76,2.3537057070831002,2.2916666666666665,24,0
0xD3aB869e613186F6BBbF2A855B651BbF35bf1050,48,2.9595487107713856,3.25,28,1.00900208e+20
0xD40D1020E0707DEB42774A1751D16978cCB1c8cA,1000,0.6923076923076923,1.4615384615384615,130,0
0xD4B975eE0E43DDE3C995067bdAC6A88E9CD72C24,39,2.477952452422074,2.4594594594594597,37,3.04e+16
0xD4aec10a16512a13edaF0b0Cc941b3225eD21026,99,2.470065685320113,2.1142857142857143,35,7.84e+16
0xD77C36904aBF9FB65111379E673472A1E6429d36,39,2.7757690976146523,2.5675675675675675,37,3.04e+16
0xD79c6128c23A5b8979A01bf555161eD1e916Ff63,176,0.7007724632035025,1.4827586206896552,116,0
0xD7Bf006D3EEe5c7bAfF2AB5721d7C0F8978ab2c6,78,1.0336134299141377,1.6808510638297873,47,0
0xD8641911B653efDD3C0156072b722a2FF80216F6,1000,1.2723270019928057,1.928,125,0
0xD9360A43D51dB678adf14B84528055313B367999,56,0.8354893669574988,1.530612244897959,49,0
0xD981CB27CCC7B394Cf3501a960A4950d71F48b5C,78,0.985752819460201,1.6567164179104477,67,0
0xDA3F9BF76D5F9D685D87cfC5451243700FE8554b,50,2.3466867655292654,3.5142857142857142,35,4.5e+16
0xDB44B174320B07b2dEca95a8c0c1d550E3B5f846,125,2.1890594259543414,1.9009009009009008,111,3.571653368078815e+20
0xDC3139D78E6e98FA1e53e9e4724c808f95f19fcC,1000,0.8490425464673368,1.5820895522388059,134,0
0xDDf68C8b7DB437eeFdb6a5b021b4397953756048,95,0.998749217771909,1.95,40,1.33e+17
0xDFA56c6d7B92b6daf2268F9A9D7448827101ba47,56,0.8551970138676311,1.5918367346938775,49,0
0xDa256F397851D966a6121607DD89e2433E2A2B8f,1000,1.150112002293725,1.8130081300813008,123,0
0xDd6bEbA383D29b02723703EB606ead3Dd10D4dD6,93,0.7565144080496926,1.8636363636363635,44,1.3206e+17
0xDe9f84418b0AF11a8470154Bd89344c64B1B7bB0,200,2.4331365624387957,5.668341708542713,199,1e+18
0xDf2eAF3D5cFEa18FAA1b621BAc2E9bfffDCc4CfA,31,2.765938569676617,5.068965517241379,29,7.315e+18
0xE0301F8485121A4DF089Aac8771fdD4a2950039e,76,1.0849746705208465,2.1724137931034484,29,1.0096808e+20
0xE0f2411deFe58Fb84d7F387069b377C61F62E8De,398,1.5722909290052203,2.488888888888889,90,0
0xE13b43D14524a28f2238EEeBb34b01a5939521B7,93,0.8247860988423226,1.7142857142857142,42,1.3206e+17
0xE1d4Cb3F32443F29318e6daE609681A81147d59F,290,1.0746100132332208,2.0806451612903225,124,4.64e+18
0xE309CBFE414468BC5fc50c78fF3eE724F8d8ADF3,91,1.6346933113652304,3.1666666666666665,90,2.518005268e+19
0xE3cA380Ae5abb8744efDfDa76Fd2f7DEeF26A8fc,70,0.8531888364154646,1.6808510638297873,47,0
0xE411e97cCe1F46589aDfcF810dAE5324F9D678A1,78,1.043146332003546,1.8181818181818181,66,0
0xE5e770D3DFaEdA685fdd26F38E1983899b8A09EF,78,1.0430146702024177,1.8360655737704918,61,0
0xE762933d5C6A89EfB1E3ef76A8825c3da2a0f751,78,1.2058530725810095,1.7857142857142858,42,0
0xE7732799286e2b4c9A2b7FF0A559148e1AFD271c,31,0.944439918154019,1.9473684210526316,19,1.4998662262e+20
0xEB4218D7c5165122E6c0f3D783D43b2888BA640f,54,2.8218995715913655,3.292682926829268,41,4.8400000000945e+16
0xECe8742aA19229B167D8f943d77933425a8b4Cb5,23,2.475363371853652,4.368421052631579,19,1.0976383e+16
0xF0533f410d9dC1111fa9F6AFDa4B19c2B287BD66,51,2.4159335036125373,3.142857142857143,28,1.9998280631e+20
0xF05b200Ba1889265046256f5b656838458b1f22d,56,0.7166451331820933,1.5555555555555556,45,0
0xF0D1aa8236C18572AFeaa1eAF49fB689E92e8825,93,0.9145339899588211,2.67032967032967,91,1.442203956e+19
0xF1445105A0bA88Ab571C19f2eD4e625F84e16e31,94,0.8808613423184873,1.8936170212765957,47,1.316e+17
0xF2c7b03aBc64a82910604d2E858a1748f3613956,199,0.6774787139444309,1.7586206896551724,87,1.592e+17
0xF3D3FFC16c5028a67D66B4d0DfDBa80D5EAFF1a4,39,2.4670213421068166,2.4594594594594597,37,3.04e+16
0xF4FA9A916d718F70db1A7E53B8019fFAB93A0513,23,2.703303763854411,5.681818181818182,22,4.6e+16
0xF561aAc273f191C979579Ec720943C3e12e3B747,54,2.3279822022057743,2.9047619047619047,21,0
0xF66BAeeC5d66d0F4AD606792467d94C2664779bc,132,2.8562855856756992,2.6857142857142855,35,1.3089126407475704e+23
0xF77cAFffFF933E52f2d2f6631A969C2FF3B378f7,903,2.540502361568465,1.6764705882352942,34,9.104962132e+22
0xF86f28b92F9284d3b8792E2bDbcFDa17AeFc3609,1940,1.7069266226256528,1.2868852459016393,488,0
0xF9722B80A2Ca70777BcfcC145F3059dC08f19216,43,2.889989760591987,3.9285714285714284,28,5.9950000001176e+16
0xF9F03278c0EF09e3761172800d11f5Fd37550D89,32,1.6629959577688558,2.3666666666666667,30,1.18823222060588e+18
0xF9f8b916f6Cbcd2bd7d893Cb17e2dFB240C8Fc7c,93,0.793035070519406,1.9387755102040816,49,1.3206e+17
0xFCB811d8e55DF766f6D80C8478e95DE7Ff356c1a,56,0.7751905875810755,1.5897435897435896,39,0
0xFD1cb510bc3a8677fe1e967DDf16dbe19922c53B,23,2.917601188342039,7.818181818181818,22,0
0xFa782e709EAF61EAd9bc6C13B4dDef360521015c,33,1.1383753500054365,4.21875,32,1.946363411e+19
0xFbcF6C8b6108E2b50F72aD81dF23ce01D06e8094,34,2.2069771859536127,3.7142857142857144,21,4.999963586e+21
0xFd28f312bA8fb0F2C3968cA6617193be2bE2c61F,48,2.9638869814453392,3.289473684210526,38,5.4700000001071e+16
0xFf73102131fEde160F422d5741A540cC490c3384,93,1.7373292302964176,3.119565217391304,92,2.16204052e+19
0xa128420097406049407B6ABF1618e5adFdcb466D,97,1.5239693694063832,3.2291666666666665,96,9.42704704e+18
0xa180D4Fc4bdfa4CC1216f2F379131cbEcba011e7,199,0.7560975609756098,1.8048780487804879,82,1.592e+17
0xa38eedA4a09cf894E6D50e96633C53550ea69FDB,78,1.2082535094961973,1.7222222222222223,54,0
0xa3C5E90803211a1160156DCDf3D63Ba9Ca2bD779,78,1.021195493863144,1.8153846153846154,65,0
0xa56a0f4E756AAb760684eEC01cC7A1AA49ED98B0,66,2.818787351003533,5.846153846153846,65,9.24e+16
0xa6992E49BD0D6C10F3d7634968bEe3a377EC6Df0,39,2.4354548739841797,2.4473684210526314,38,3.04e+16
0xa6D1a199477bA74D8AbB2986Df35B6988123AEbA,311,2.29090406066961,3.9419354838709677,310,0
0xa7Bd77b75c200b3A42Ae692a87252F331b140587,20,2.739876859962183,9.421052631578947,19,3.16e+15
0xa8760199bD930A02c6AFAA273835E2A95Eeef3B4,46,2.8562256023217114,6.444444444444445,45,7.33e+19
0xa8ca330e3877b2E49523bAcC8bd710f66097ec7A,200,2.034425073990753,5.603015075376884,199,1e+18
0xa914CA1F899244Bb1CcDAaF73F57D8CC5808843a,92,2.237596017492881,2.15625,32,2.9997111551e+20
0xa9c5ce04430B2765a7Fa90C18E05E680C0A4b5e1,100,0.7938295089351356,1.7727272727272727,22,4.324214824e+19
0xaA0D8a13d75F3A743058ffB03E0Cfc0aE82f5Ee1,269,2.8298637601741112,2.5301204819277108,166,2.6999285832e+22
0xaA5f78e24EA2dBB68EB321176E24717145Ef1745,32,2.9157436228326885,4.419354838709677,31,1.009653995e+20
0xaD75A3aC446bD83D3E94f05D11C776cf34615ed4,50,2.3358781069679653,3.9714285714285715,35,4.5e+16
0xaF1F2b90198b7544dB7C2348ddf882Da14788c49,25,0.7534642216677135,2.625,24,1.2e+20
0xaF3948Eb2B58E3631911B106a9bCD1941a1B8183,25,2.7335365778094545,3.6666666666666665,24,2.009714862e+20
0xaF7875E1062ce6CcffD42947DC16923B7A3Cb2ee,24,2.208018627726635,3.4210526315789473,19,4.8e+17
0xaa8A1d52347C8A0809B53753C3523858cF22e2ab,21,1.9235384061671346,7,20,1.944e+16
0xaafB17F49af100EC93140BAEa61dc6965489a4B0,40,2.9292083560821105,3.6206896551724137,29,6.3100000001239e+16
0xb00A6E1c66282B08B3EDDAD4c3c9D2B3d5bE9957,97,1.4776687067409362,2.7012987012987013,77,1.0089611300000001e+20
0xb0ee38e75dCcfdb62Ca63928d8BC648552f5e1f6,29,1.1254016730127225,2.227272727272727,22,9.685708969e+19
0xb144Ac0F3C389B03eA46D378172f6a2D73db9a61,39,2.7505980211009042,2.5,38,3.04e+16
0xb1586dA40e6a50c90B29544AB234413860c2D73F,54,1.5954480704349312,2,22,9.998751229e+19
0xb172bDf5abbA1B4e17Cd1675f49908cD574bB9fb,510,2.4701670695032387,3.7635467980295565,203,1.78207699607e+21
0xb2d7a895C8A78ad4c8c342082Ec39b9A7a1c4055,100,0.7507525380030058,1.8431372549019607,51,1.3e+17
0xb47c48c3a4F0D9DcbE82A4f600939cE80C548F61,45,1.5620209016054025,2.8095238095238093,21,4.05e+16
0xb4D06dCe461914DB81BD371EC9541D5F75615385,45,1.2263060509563855,1.6785714285714286,28,1.08e+18
0xb55EcCE922A69c9A98A7A89bfC90E77aD4715fB6,93,0.8333243194032055,1.8372093023255813,43,1.3206e+17
0xb5f9B0f44740f1277C2847e82822D87d785D63e4,127,2.0899479480029277,2.9035087719298245,114,0
0xb82a175C0C4b4b4f03FA3E590b4286AD919D3a81,25,2.4292059745247347,5.375,24,9.628195285877485e+17
0xb856d51E4b5450dCE129936bcC25F68b974506B2,78,1.2317251220974734,1.962962962962963,27,0
0xb97EA00e466c0AB23B6baB9b1C6293dd5cB149e3,23,2.2268088570756164,3.3636363636363638,22,2.3e+17
0xb99Fe91bD2998A8421be404A3a8082BcD2baaE7c,23,1.7958860241034917,3.9545454545454546,22,3.1e+18
0xbE082FfFFdDA97756f9B67B3a127547BEC18E3a2,39,2.786013276724681,2.4594594594594597,37,3.04e+16
0xbb33769F028e15990188eacF806D657f89e8Dbd6,78,1.0118820709172522,1.7384615384615385,65,0
0xbbcaBcC98a1Fa0c57C36f6F87a01bC538a4eD8B7,56,1.0239327162141247,1.8085106382978724,47,0
0xbd2C7c7F4Ed9B4617a10CA416AD71331267fe942,48,2.7517837941209655,2.1363636363636362,22,7.5950608e+19
0xbdF47AAC730356c6Ab53b30786f9c5107eb11bd0,32,1.9853783939908543,4.161290322580645,31,1.24975808e+20
0xc1805aAe3959BF9a84b71918dc5DaB205EebbF08,91,1.0666666666666669,2.8,90,2.044749e+19
0xc1C34AA14c3733F4CC98E333b55b0E044a3A642b,39,2.741014026731137,2.5,38,3.04e+16
0xc2256A9116Cd1a4C6575087F3CB62224A29464b3,95,0.8159150305826286,1.7735849056603774,53,1.33e+17
0xc2E4f43D00780DFFf620e48d5ddaCd05d13A1be3,23,2.4995867427031855,4.454545454545454,22,5.5e+17
0xc323Dc46aFe5cF8769b1D25b38078bB0a197d47E,35,2.2674378135303175,2.736842105263158,19,1.00985525e+20
0xc397850eA949C19e73Da1526f235180B1164bB49,29,2.4936142935301677,5.178571428571429,28,5.587115732316412e+18
0xc39d5721C028741e9920c99a2dd9c4c341e39E7F,23,2.7786821301050773,5.7727272727272725,22,4.6e+16
0xc3b665Ed6692B8a144b92a53BFA504C99a073f56,353,1.8536272354066905,2.813229571984436,257,3.5540614524e+22
0xc5E6745A46DD7138DA424413080AcC1B34a04C06,29,2.885087717651918,4.518518518518518,27,2.3982757703e+20
0xc5FbB2A2D47f5814a49A1f81D97963B69d7C89B0,86,1.2380809294044965,2.5535714285714284,56,1.204e+17
0xc61ed1bf4a287d33B0B5194Ee0D38ec873c0B709,23,1.6495679374203684,2.772727272727273,22,3.000989468248e+21
0xc83d192ce3aF1FFF5057275f6Fccd46324cf8037,76,2.4406141076012453,2.2916666666666665,24,0
0xc8Be24c6056f81BAF34072c4BDb9dCC089a755ce,39,2.499845674249059,2.4722222222222223,36,3.04e+16
0xc9BD02E573aDa69b10ACD8DCB49E8580fFd407CF,40,2.6065863708916215,3.586206896551724,29,6.3100000001239e+16
0xcC8343198eE8371B4Df364b8b88B933C74dEe369,68,1.114924013354971,1.9166666666666667,24,1.0097144e+20
0xcEB941d41AD9c6845AC63f0266f087c8F8cDDA52,68,1.0033894572384339,1.5957446808510638,47,0
0xcfF76054DAc1D1804a7F9753Ba8346aB2bf4CfC8,74,2.921337857221081,3.2181818181818183,55,2.7400000000525e+16
0xd0c6568304F5fADb0E9C9545cF12b57d745840f6,193,1.0672412403133744,2.607329842931937,191,1.93e+17
0xd1A2FE18e2C1486f60B5cd0187A2d089C4075c3d,56,0.8141009867741634,1.5625,48,0
0xd2324F2b990EFFc7C3b10d98832E1A786D784A38,78,0.9828127571988468,1.6612903225806452,62,0
0xd586f184532B21b9f95cffe0F3a476DADB02acdf,94,2.491191558233267,2.7096774193548385,62,9.4e+16
0xd6593e8123D5E2BC0908A94DFAFdc8bBc354F6b8,39,2.8053481221043324,2.4594594594594597,37,3.04e+16
0xd6D1cAbF19564d259Ff509FE5b7543e0AC609480,1000,0.8639101384563093,1.5106382978723405,141,0
0xd8f335da972692BD85B77E4E453FEE39FF8C9A3D,56,0.8278755939720731,1.6808510638297873,47,0
0xd9241931e61f2b02b6D9C1d980EE2f55b521c276,27,2.2347444686667615,4.923076923076923,26,0
0xd9481Acc16fBFbd811C6952Ed4F6fd8ba8Dd9bF6,25,0.6441510347391795,2.5416666666666665,24,1.26e+20
0xdA6D0525367757c5e9039032C22C8a8E215E3eb7,43,2.8394440666963585,3.4242424242424243,33,5.9950000001176e+16
0xdBEe4a839f8E9908909D5aAdFE05a55377883f25,39,2.9128043301505757,2.4705882352941178,34,3.04e+16
0xdDbF68cbdB19cd00C14F64d28983239C4283ed19,41,1.2092238098144703,2.066666666666667,30,1.99999573805e+22
0xdE0DF9887127c5CD403cbe9b66362d877155227B,1000,1.1362352182890316,1.6260162601626016,123,0
0xdE45D6A65fcf63f745A296D228FB7a61E000c557,94,0.640421997586911,1.8085106382978724,47,1.316e+17
0xdF3fFb9147724DEBB43Cd346fd4F10bAE29b4858,200,1.8951539952777126,1.9504950495049505,101,1.592e+17
0xdaf7bcfFb13a9511a679A109D1Da989285C11f44,56,2.9860512890969715,3.8205128205128207,39,4.6300000000903e+16
0xdbB04d0487e9D8491E6a3316B740c1DC0bfFcC1a,200,1.5972462761060202,1.9770114942528736,87,1.592e+17
0xdc63c8b08286Ae098f4430BFBa7E63D4cFa2411D,406,2.570441416678159,3.8079096045197742,177,3.4720183298e+20
0xe0CFAF2Ee68466aacc3594Bd2CDA536389a0A230,68,1.755028452740057,2.129032258064516,31,1.02e+21
0xe11Dc21534942423f4b8BEBA7D295b54990e705e,100,1.2631956559876714,1.8928571428571428,28,9.9999559e+21
0xe35d9dbe1d04B9dA16c740d0a1F2771664D09eD9,78,0.8987504010343043,1.5970149253731343,67,0
0xe374aBa6a5DC461c5bAf0c5861eB9dCF0827B85F,41,2.0329692542976803,2.8421052631578947,19,1.0099274217e+20
0xe3F4DC883385C778Cbc44EF2Aac5Eea2d88d6fe7,578,1.5719141603229554,1.9473684210526316,19,2.278346001e+19
0xe49B8BFc949a678Eaa8ceC84F2babc8cfB495fC4,881,2.4836147910527737,1.9661016949152543,59,4.410184344401561e+23
0xe53803e8eaBcc255D14e487fA12d218D963fd948,238,0.6441510347391795,1.5416666666666667,24,2.370329194662382e+23
0xe568a5052e7Dc9837AbB170632c62093c08CBB09,97,1.346291201783626,3.25,96,1.059604608e+19
0xe7FF904466C2d1D942Cae4599Cc0248A17c3082A,56,1.3187681015082051,1.7291666666666667,48,0
0xe93a34cF022228F69fe676eF4E4F80D17fA04070,34,2.0014787432704138,2.6153846153846154,26,2.4999642999999997e+21
0xe95cBF10593772c544dB8CB7a0ae4bbAA3cbdB5c,199,1.130724248607453,2.0520833333333335,96,1.592e+17
0xeC4f4dDb0433366204914ee58700385c184BD67b,39,2.786013276724681,2.5405405405405403,37,3.04e+16
0xeD436447990c7BB3177b6b879D3Cb30195377De6,78,1.306310525077659,1.8148148148148149,27,0
0xeEEf0B12e9FfaFb482e374dDdD537eCAb18054Eb,74,2.576698166744842,3.339622641509434,53,2.7400000000525e+16
0xeF11261c6Db886AeFD366Ce833cfd73D1f17a373,76,1.6932043630611051,2.1481481481481484,27,0
0xec9Da7290489e8A9021562f8b0F371a57C7fde37,60,0.8459051693633013,1.4666666666666666,30,0
0xecFB55373e027d0bdA64760e161a81650c2F6ACA,44,2.6358185086200434,3.488372093023256,43,5.8900000001155e+16
0xef7b02d1196C5e2d9441E5d152Ff31A41B5bB605,50,1.3045031219057044,2.6222222222222222,45,4.5e+16
0xef8Be45FA16b72f9A307aF7bd8F92BA3b436106e,66,1.259807025285974,1.7179487179487178,39,0
0xf0F7e8B1c9F5a5DeAe033E33B6ba22BdaB3F61c3,3121,0.19343871557598594,1.0389344262295082,488,3.1639e+19
0xf10663710684556505DDe4af6f8E98E8F73680A9,35,2.188404817728773,3.142857142857143,21,1.0099188491e+20
0xf208F703637cFC3c031c78A44d7e8E952D7830fA,23,1.821020511273648,4.954545454545454,22,1.15e+18
0xf28c077bA5d0F88Ae29778850Ca19CB394a4Ff0b,64,1.1039755498242547,2.392156862745098,51,6.391703632000001e+21
0xf36b33163984e2b78D34B4C43709D091115D3f0c,86,1.6605329308726373,2.8095238095238093,63,1.204e+17
0xf40d6C2d13fDF141deEd8aEA6aEd5EDe48d8c86A,78,0.9331389496316869,1.619047619047619,63,0
0xf4554a2EA464FA73B93af46000520c3401808c47,100,0.8225058364723538,1.912280701754386,57,1.2e+17
0xf4C6D4c8e427dcB9b69E30B17c3221eb23361fF3,79,2.211779093626389,1.9473684210526316,19,1.0095022999999999e+20
0xf5595d56ad25979603709171321b1985a46F2C4b,36,2.398473553417821,2.3793103448275863,29,8.85974124e+20
0xf59948C4038E0476c2E84fc5AEEAe838c6Ea8213,56,1.2034729358976115,1.7727272727272727,44,0
0xf59984BFC23552509C0f184B36d47DD743f8f2F4,25,1.0984521938720058,2.7083333333333335,24,1.0009889750000001e+21
0xf63074d6EB20EB10A55846cCE79c393B0D9fBB92,38,2.0687612614557076,2.739130434782609,23,3.159038909e+19
0xf6867037AB6b4e7a0c20857D0Aa523D5dBBae434,21,0.7348469228349533,2.4,20,1.999988975e+21
0xf896143ea7f6FA3888C3aB231B4E7eeB131cB090,78,0.9777130790849501,1.7272727272727273,66,0
0xfAaFf64DB173d603D56abf4FdE7017FFeC956632,78,1.0633039238030677,1.796875,64,0
0xfB4CeB7Da948aF2837aF22F768AB315Aef17C483,21,2.632631368505221,6.7368421052631575,19,9.7e+16
0xfBa27f02807Ce4928DCA04Bd34cC001eCd8F2F28,78,0.8708632256722121,1.5084745762711864,59,0
0xfc0CEdEB40F2d7bFb9cD5E844156D67313BE877a,41,2.7321866242992994,3.3125,32,6.2050000001218e+16
0xfc30eC47D8458602b2931bb3393C53C960cb2399,39,2.7505980211009042,2.5,38,3.04e+16
0xfd23a68E48A7615E4B9b034eA3699B3DD9870ef9,34,1.3188513936862856,1.962962962962963,27,4.9145096e+20
0xfd852877B9Fb67152a7FCe7823A71156D961606A,78,0.8299562226326225,1.631578947368421,57,0
0xfe1437AC85365A4CF81b083420630eD603e0e73f,20,2.8156665000200536,9.578947368421053,19,3.16e+15
